[{"id": "eth", "community_id": 1, "name": "Ethereum", "native_token": {"id": "eth", "symbol": "ETH", "logo": "https://static.debank.com/image/coin/logo_url/eth/6443cdccced33e204d90cb723c632917.png", "decimals": 18}, "logo_url": "https://static.debank.com/image/chain/logo_url/eth/42ba589cd077e7bdd97db6480b0ff61d.png", "white_logo_url": "https://static.debank.com/image/chain/white_logo_url/eth/561dda8f1ed8f0b2f46474bde3f02d0b.png", "eip_1559": true, "is_disabled": false, "explorer_host": "https://etherscan.io", "need_estimate_gas": false, "severity": 0, "block_interval": 12.0}, {"id": "bsc", "community_id": 56, "name": "BNB Chain", "native_token": {"id": "bsc", "symbol": "BNB", "logo": "https://static.debank.com/image/coin/logo_url/bnb/9784283a36f23a58982fc964574ea530.png", "decimals": 18}, "logo_url": "https://static.debank.com/image/chain/logo_url/bsc/bc73fa84b7fc5337905e527dadcbc854.png", "white_logo_url": "https://static.debank.com/image/chain/white_logo_url/bsc/8e44e643d6e2fd335a72b4cda6368e1a.png", "eip_1559": false, "is_disabled": false, "explorer_host": "https://bscscan.com", "need_estimate_gas": false, "severity": 0, "block_interval": 3.0}, {"id": "xdai", "community_id": 100, "name": "Gnosis Chain", "native_token": {"id": "xdai", "symbol": "xDai", "logo": "https://static.debank.com/image/xdai_token/logo_url/xdai/297890dc063e6dfb6cb4065cdf38382e.png", "decimals": 18}, "logo_url": "https://static.debank.com/image/chain/logo_url/xdai/43c1e09e93e68c9f0f3b132976394529.png", "white_logo_url": "https://static.debank.com/image/chain/white_logo_url/xdai/d8744f83d1a3bef4941c0820d76242a2.png", "eip_1559": true, "is_disabled": false, "explorer_host": "https://gnosisscan.io", "need_estimate_gas": false, "severity": 1, "block_interval": 1.0}, {"id": "matic", "community_id": 137, "name": "Polygon", "native_token": {"id": "matic", "symbol": "POL", "logo": "https://static.debank.com/image/matic_token/logo_url/matic/6f5a6b6f0732a7a235131bd7804d357c.png", "decimals": 18}, "logo_url": "https://static.debank.com/image/chain/logo_url/matic/52ca152c08831e4765506c9bd75767e8.png", "white_logo_url": "https://static.debank.com/image/chain/white_logo_url/matic/d9d33b57922dce7a5ac567b0e5eb1e4b.png", "eip_1559": true, "is_disabled": false, "explorer_host": "https://polygonscan.com", "need_estimate_gas": false, "severity": 0, "block_interval": 0.63}, {"id": "ftm", "community_id": 250, "name": "Fantom", "native_token": {"id": "ftm", "symbol": "FTM", "logo": "https://static.debank.com/image/ftm_token/logo_url/ftm/33fdb9c5067e94f3a1b9e78f6fa86984.png", "decimals": 18}, "logo_url": "https://static.debank.com/image/chain/logo_url/ftm/14133435f89637157a4405e954e1b1b2.png", "white_logo_url": "https://static.debank.com/image/chain/white_logo_url/ftm/64178bae592be3a33c160b1d9b9a124a.png", "eip_1559": false, "is_disabled": false, "explorer_host": "https://explorer.fantom.network", "need_estimate_gas": false, "severity": 2, "block_interval": 3.57}, {"id": "avax", "community_id": 43114, "name": "Avalanche", "native_token": {"id": "avax", "symbol": "AVAX", "logo": "https://static.debank.com/image/project/logo_url/avax_wavax/e195cdd89f44bf3d0c65d38ce2c6c662.png", "decimals": 18}, "logo_url": "https://static.debank.com/image/chain/logo_url/avax/4d1649e8a0c7dec9de3491b81807d402.png", "white_logo_url": "https://static.debank.com/image/chain/white_logo_url/avax/e8a86458cb9e656052f0250d079622d8.png", "eip_1559": true, "is_disabled": false, "explorer_host": "https://snowscan.xyz", "need_estimate_gas": false, "severity": 0, "block_interval": 1.0}, {"id": "op", "community_id": 10, "name": "OP", "native_token": {"id": "op", "symbol": "ETH", "logo": "https://static.debank.com/image/coin/logo_url/eth/6443cdccced33e204d90cb723c632917.png", "decimals": 18}, "logo_url": "https://static.debank.com/image/chain/logo_url/op/68bef0c9f75488f4e302805ef9c8fc84.png", "white_logo_url": "https://static.debank.com/image/chain/white_logo_url/op/966add4bf770c2744c9b9e961ecaba62.png", "eip_1559": true, "is_disabled": false, "explorer_host": "https://optimistic.etherscan.io", "need_estimate_gas": false, "severity": 0, "block_interval": 2.0}, {"id": "arb", "community_id": 42161, "name": "Arbitrum", "native_token": {"id": "arb", "symbol": "ETH", "logo": "https://static.debank.com/image/coin/logo_url/eth/6443cdccced33e204d90cb723c632917.png", "decimals": 18}, "logo_url": "https://static.debank.com/image/chain/logo_url/arb/854f629937ce94bebeb2cd38fb336de7.png", "white_logo_url": "https://static.debank.com/image/chain/white_logo_url/arb/315c3c4560a12e9c94841706e3ed9ce5.png", "eip_1559": true, "is_disabled": false, "explorer_host": "https://arbiscan.io", "need_estimate_gas": true, "severity": 0, "block_interval": 1.0}, {"id": "celo", "community_id": 42220, "name": "Celo", "native_token": {"id": "celo", "symbol": "CELO", "logo": "https://static.debank.com/image/celo_token/logo_url/celo/faae2c36714d55db1d7a36aba5868f6a.png", "decimals": 18}, "logo_url": "https://static.debank.com/image/chain/logo_url/celo/faae2c36714d55db1d7a36aba5868f6a.png", "white_logo_url": "https://static.debank.com/image/chain/white_logo_url/celo/09ce760b8a31dc444943507497e11755.png", "eip_1559": true, "is_disabled": false, "explorer_host": "https://celoscan.io", "need_estimate_gas": false, "severity": 2, "block_interval": 1.0}, {"id": "movr", "community_id": 1285, "name": "Moonriver", "native_token": {"id": "movr", "symbol": "MOVR", "logo": "https://static.debank.com/image/movr_token/logo_url/movr/bfa51dfae3e231daab070f3463828090.png", "decimals": 18}, "logo_url": "https://static.debank.com/image/chain/logo_url/movr/cfdc1aef482e322abd02137b0e484dba.png", "white_logo_url": "https://static.debank.com/image/chain/white_logo_url/movr/7cf3b2c4406b3a5a59190f348e406b43.png", "eip_1559": true, "is_disabled": false, "explorer_host": "https://moonriver.moonscan.io", "need_estimate_gas": false, "severity": 2, "block_interval": 1.0}, {"id": "cro", "community_id": 25, "name": "Cronos", "native_token": {"id": "cro", "symbol": "CRO", "logo": "https://static.debank.com/image/cro_token/logo_url/cro/7803de9b434be197c2c1399465abdf39.png", "decimals": 18}, "logo_url": "https://static.debank.com/image/chain/logo_url/cro/f947000cc879ee8ffa032793808c741c.png", "white_logo_url": "https://static.debank.com/image/chain/white_logo_url/cro/555a092be8378d6e55000b3846043bec.png", "eip_1559": true, "is_disabled": false, "explorer_host": "https://explorer.cronos.org", "need_estimate_gas": false, "severity": 2, "block_interval": 1.0}, {"id": "boba", "community_id": 288, "name": "Boba", "native_token": {"id": "boba", "symbol": "ETH", "logo": "https://static.debank.com/image/coin/logo_url/eth/6443cdccced33e204d90cb723c632917.png", "decimals": 18}, "logo_url": "https://static.debank.com/image/chain/logo_url/boba/e43d79cd8088ceb3ea3e4a240a75728f.png", "white_logo_url": "https://static.debank.com/image/chain/white_logo_url/boba/aea02e2a1cf1087f299f4d501777d0cd.png", "eip_1559": false, "is_disabled": false, "explorer_host": "https://bobascan.com", "need_estimate_gas": true, "severity": 2, "block_interval": 1.0}, {"id": "metis", "community_id": 1088, "name": "Metis", "native_token": {"id": "metis", "symbol": "Metis", "logo": "https://static.debank.com/image/coin/logo_url/metis/7485c0a61c1e05fdf707113b6b6ac917.png", "decimals": 18}, "logo_url": "https://static.debank.com/image/chain/logo_url/metis/7485c0a61c1e05fdf707113b6b6ac917.png", "white_logo_url": "https://static.debank.com/image/chain/white_logo_url/metis/3fb2c5171563b035fe4add98eca01efc.png", "eip_1559": false, "is_disabled": false, "explorer_host": "https://explorer.metis.io", "need_estimate_gas": false, "severity": 1, "block_interval": 1.0}, {"id": "mobm", "community_id": 1284, "name": "Moonbeam", "native_token": {"id": "mobm", "symbol": "GLMR", "logo": "https://static.debank.com/image/mobm_token/logo_url/mobm/6772b139c54c653789cb0ad27d0e76d0.png", "decimals": 18}, "logo_url": "https://static.debank.com/image/chain/logo_url/mobm/fcfe3dee0e55171580545cf4d4940257.png", "white_logo_url": "https://static.debank.com/image/chain/white_logo_url/mobm/f81571ea549a63e6ea3d990e93f2a6f6.png", "eip_1559": true, "is_disabled": false, "explorer_host": "https://moonscan.io", "need_estimate_gas": false, "severity": 2, "block_interval": 1.0}, {"id": "fuse", "community_id": 122, "name": "Fuse", "native_token": {"id": "fuse", "symbol": "FUSE", "logo": "https://static.debank.com/image/arb_token/logo_url/0xbdef0e9ef12e689f366fe494a7a7d0dad25d9286/b9fe0bbfeccc43ac46bc652752e25532.png", "decimals": 18}, "logo_url": "https://static.debank.com/image/chain/logo_url/fuse/7a21b958761d52d04ff0ce829d1703f4.png", "white_logo_url": "https://static.debank.com/image/chain/white_logo_url/fuse/ceda89bc24064a4c583f369811ee29b6.png", "eip_1559": false, "is_disabled": false, "explorer_host": "https://explorer.fuse.io", "need_estimate_gas": false, "severity": 2, "block_interval": 1.0}, {"id": "klay", "community_id": 8217, "name": "Kaia", "native_token": {"id": "klay", "symbol": "KAIA", "logo": "https://static.debank.com/image/project/logo_url/klay_kaiaio/491e5b5fea04dbfe3535eb027218be62.png", "decimals": 18}, "logo_url": "https://static.debank.com/image/chain/logo_url/klay/4182ee077031d843a57e42746c30c072.png", "white_logo_url": "https://static.debank.com/image/chain/white_logo_url/klay/9a89223ec7fcb2acf4bde5600fdd3153.png", "eip_1559": false, "is_disabled": false, "explorer_host": "https://kaiascan.io", "need_estimate_gas": false, "severity": 2, "block_interval": 1.0}, {"id": "astar", "community_id": 592, "name": "Astar", "native_token": {"id": "astar", "symbol": "ASTR", "logo": "https://static.debank.com/image/astar_token/logo_url/astar/a827be92d88617a918ea060a9a6f1572.png", "decimals": 18}, "logo_url": "https://static.debank.com/image/chain/logo_url/astar/398c7e0014bdada3d818367a7273fabe.png", "white_logo_url": "https://static.debank.com/image/chain/white_logo_url/astar/116f17a7abe800b7675377857fac1dcd.png", "eip_1559": true, "is_disabled": false, "explorer_host": "https://blockscout.com/astar", "need_estimate_gas": false, "severity": 2, "block_interval": 1.0}, {"id": "iotx", "community_id": 4689, "name": "IoTeX", "native_token": {"id": "iotx", "symbol": "IOTX", "logo": "https://static.debank.com/image/iotx_token/logo_url/iotx/d3be2cd8677f86bd9ab7d5f3701afcc9.png", "decimals": 18}, "logo_url": "https://static.debank.com/image/chain/logo_url/iotx/d3be2cd8677f86bd9ab7d5f3701afcc9.png", "white_logo_url": "https://static.debank.com/image/chain/white_logo_url/iotx/419fdcf87eceb9b8c34af0c5e3985d44.png", "eip_1559": false, "is_disabled": false, "explorer_host": "https://iotexscan.io", "need_estimate_gas": false, "severity": 2, "block_interval": 1.0}, {"id": "rsk", "community_id": 30, "name": "Rootstock", "native_token": {"id": "rsk", "symbol": "RBTC", "logo": "https://static.debank.com/image/rsk_token/logo_url/rsk/1dae003fa89234ac011c0dac51126770.png", "decimals": 18}, "logo_url": "https://static.debank.com/image/chain/logo_url/rsk/ff47def89fba98394168bf5f39920c8c.png", "white_logo_url": "https://static.debank.com/image/chain/white_logo_url/rsk/8f621d4d08c69ba79d5aae53bc9d3eeb.png", "eip_1559": false, "is_disabled": false, "explorer_host": "https://rootstock.blockscout.com", "need_estimate_gas": false, "severity": 2, "block_interval": 24.89}, {"id": "dfk", "community_id": 53935, "name": "DFK", "native_token": {"id": "dfk", "symbol": "JEWEL", "logo": "https://static.debank.com/image/dfk_token/logo_url/dfk/09b4ee0e9d0695201fcc7e912ac31595.png", "decimals": 18}, "logo_url": "https://static.debank.com/image/chain/logo_url/dfk/233867c089c5b71be150aa56003f3f7a.png", "white_logo_url": "https://static.debank.com/image/chain/white_logo_url/dfk/bab611be6bf763da73c6179c2150ffdf.png", "eip_1559": true, "is_disabled": false, "explorer_host": "https://subnets.avax.network/defi-kingdoms/dfk-chain/explorer", "need_estimate_gas": false, "severity": 1, "block_interval": 1.0}, {"id": "tlos", "community_id": 40, "name": "Telos EVM", "native_token": {"id": "tlos", "symbol": "TLOS", "logo": "https://static.debank.com/image/tlos_token/logo_url/tlos/6191b8e0b261536044fc70ba746ba2c9.png", "decimals": 18}, "logo_url": "https://static.debank.com/image/chain/logo_url/tlos/6191b8e0b261536044fc70ba746ba2c9.png", "white_logo_url": "https://static.debank.com/image/chain/white_logo_url/tlos/4db183821aac84407962bab4dcd5790e.png", "eip_1559": false, "is_disabled": false, "explorer_host": "https://www.teloscan.io", "need_estimate_gas": false, "severity": 2, "block_interval": 0.5}, {"id": "nova", "community_id": 42170, "name": "Arbitrum Nova", "native_token": {"id": "nova", "symbol": "ETH", "logo": "https://static.debank.com/image/coin/logo_url/eth/6443cdccced33e204d90cb723c632917.png", "decimals": 18}, "logo_url": "https://static.debank.com/image/chain/logo_url/nova/06eb2b7add8ba443d5b219c04089c326.png", "white_logo_url": "https://static.debank.com/image/chain/white_logo_url/nova/b61c3a7723f39265c8b98967407e46db.png", "eip_1559": true, "is_disabled": false, "explorer_host": "https://nova.arbiscan.io", "need_estimate_gas": true, "severity": 2, "block_interval": 1.0}, {"id": "canto", "community_id": 7700, "name": "Canto", "native_token": {"id": "canto", "symbol": "CANTO", "logo": "https://static.debank.com/image/canto_token/logo_url/canto/47574ef619e057d2c6bbce1caba57fb6.png", "decimals": 18}, "logo_url": "https://static.debank.com/image/chain/logo_url/canto/47574ef619e057d2c6bbce1caba57fb6.png", "white_logo_url": "https://static.debank.com/image/chain/white_logo_url/canto/29bd07f96ac7805a1b14649f356d3eee.png", "eip_1559": true, "is_disabled": false, "explorer_host": "https://tuber.build", "need_estimate_gas": false, "severity": 2, "block_interval": 1.0}, {"id": "doge", "community_id": 2000, "name": "Dogechain", "native_token": {"id": "doge", "symbol": "DOGE", "logo": "https://static.debank.com/image/doge_token/logo_url/doge/2538141079688a7a43bc22c7b60fb45f.png", "decimals": 18}, "logo_url": "https://static.debank.com/image/chain/logo_url/doge/2538141079688a7a43bc22c7b60fb45f.png", "white_logo_url": "https://static.debank.com/image/chain/white_logo_url/doge/aa18ed341ae19e5e381dfac1062fee73.png", "eip_1559": false, "is_disabled": false, "explorer_host": "https://explorer.dogechain.dog", "need_estimate_gas": false, "severity": 2, "block_interval": 1.0}, {"id": "kava", "community_id": 2222, "name": "Kava", "native_token": {"id": "kava", "symbol": "KAVA", "logo": "https://static.debank.com/image/kava_token/logo_url/kava/f5b7c6ffbe4d99da363a78d98e748880.png", "decimals": 18}, "logo_url": "https://static.debank.com/image/chain/logo_url/kava/b26bf85a1a817e409f9a3902e996dc21.png", "white_logo_url": "https://static.debank.com/image/chain/white_logo_url/kava/2e672dd7947e41a34d6cbc5995ad24b2.png", "eip_1559": true, "is_disabled": false, "explorer_host": "https://kavascan.com", "need_estimate_gas": false, "severity": 2, "block_interval": 1.0}, {"id": "cfx", "community_id": 1030, "name": "Conflux", "native_token": {"id": "cfx", "symbol": "CFX", "logo": "https://static.debank.com/image/cfx_token/logo_url/cfx/f493f92ad1087e23cf8dadab9850abb5.png", "decimals": 18}, "logo_url": "https://static.debank.com/image/chain/logo_url/cfx/eab0c7304c6820b48b2a8d0930459b82.png", "white_logo_url": "https://static.debank.com/image/chain/white_logo_url/cfx/d45e5225fc8e97623c798599a2f8ce50.png", "eip_1559": false, "is_disabled": false, "explorer_host": "https://evm.confluxscan.io", "need_estimate_gas": false, "severity": 2, "block_interval": 1.0}, {"id": "era", "community_id": 324, "name": "zkSync Era", "native_token": {"id": "era", "symbol": "ETH", "logo": "https://static.debank.com/image/coin/logo_url/eth/6443cdccced33e204d90cb723c632917.png", "decimals": 18}, "logo_url": "https://static.debank.com/image/chain/logo_url/era/2cfcd0c8436b05d811b03935f6c1d7da.png", "white_logo_url": "https://static.debank.com/image/chain/white_logo_url/era/ae1951502c3514d43374d7e6718bda9a.png", "eip_1559": true, "is_disabled": false, "explorer_host": "https://era.zksync.network", "need_estimate_gas": true, "severity": 1, "block_interval": 4.18}, {"id": "ron", "community_id": 2020, "name": "Ronin", "native_token": {"id": "ron", "symbol": "RON", "logo": "https://static.debank.com/image/ron_token/logo_url/0xe514d9deb7966c8be0ca922de8a064264ea6bcd4/f65d4fdc17d5533c59ebcd6eb1f47320.png", "decimals": 18}, "logo_url": "https://static.debank.com/image/chain/logo_url/ron/6e0f509804bc83bf042ef4d674c1c5ee.png", "white_logo_url": "https://static.debank.com/image/chain/white_logo_url/ron/a7164cbb1bcf36c6b13abece4956e7ec.png", "eip_1559": false, "is_disabled": false, "explorer_host": "https://explorer.roninchain.com", "need_estimate_gas": false, "severity": 2, "block_interval": 1.0}, {"id": "pze", "community_id": 1101, "name": "Polygon zkEVM", "native_token": {"id": "pze", "symbol": "ETH", "logo": "https://static.debank.com/image/coin/logo_url/eth/6443cdccced33e204d90cb723c632917.png", "decimals": 18}, "logo_url": "https://static.debank.com/image/chain/logo_url/pze/a2276dce2d6a200c6148fb975f0eadd3.png", "white_logo_url": "https://static.debank.com/image/chain/white_logo_url/pze/94d0cff539cb8f18c93f11a454f894b3.png", "eip_1559": false, "is_disabled": false, "explorer_host": "https://zkevm.polygonscan.com", "need_estimate_gas": false, "severity": 2, "block_interval": 1.0}, {"id": "core", "community_id": 1116, "name": "CORE", "native_token": {"id": "core", "symbol": "CORE", "logo": "https://static.debank.com/image/core_token/logo_url/core/1a7becfe112c0c9bfc25628cd70e94a6.png", "decimals": 18}, "logo_url": "https://static.debank.com/image/chain/logo_url/core/ccc02f660e5dd410b23ca3250ae7c060.png", "white_logo_url": "https://static.debank.com/image/chain/white_logo_url/core/e52df8e06f7763e05e1d94cce21683a5.png", "eip_1559": false, "is_disabled": false, "explorer_host": "https://scan.coredao.org", "need_estimate_gas": false, "severity": 2, "block_interval": 1.0}, {"id": "wemix", "community_id": 1111, "name": "WEMIX", "native_token": {"id": "wemix", "symbol": "WEMIX", "logo": "https://static.debank.com/image/wemix_token/logo_url/wemix/6431c197ec9f2a1d334a356b316fbb49.png", "decimals": 18}, "logo_url": "https://static.debank.com/image/chain/logo_url/wemix/d1ba88d1df6cca0b0cb359c36a09c054.png", "white_logo_url": "https://static.debank.com/image/chain/white_logo_url/wemix/66b877a83349d6d158796f825f5b9633.png", "eip_1559": true, "is_disabled": false, "explorer_host": "https://explorer.wemix.com", "need_estimate_gas": false, "severity": 2, "block_interval": 1.0}, {"id": "flr", "community_id": 14, "name": "Flare", "native_token": {"id": "flr", "symbol": "FLR", "logo": "https://static.debank.com/image/flr_token/logo_url/flr/c7d8087092d5d7b80794630612afb32e.png", "decimals": 18}, "logo_url": "https://static.debank.com/image/chain/logo_url/flr/9ee03d5d7036ad9024e81d55596bb4dc.png", "white_logo_url": "https://static.debank.com/image/chain/white_logo_url/flr/ad866bf4323576b66651c9e2bbfd8a80.png", "eip_1559": false, "is_disabled": false, "explorer_host": "https://flare-explorer.flare.network", "need_estimate_gas": false, "severity": 2, "block_interval": 1.0}, {"id": "oas", "community_id": 248, "name": "Oasys", "native_token": {"id": "oas", "symbol": "OAS", "logo": "https://static.debank.com/image/oas_token/logo_url/oas/322b2cb0935af95b9cabd8a59b629566.png", "decimals": 18}, "logo_url": "https://static.debank.com/image/chain/logo_url/oas/61dfecab1ba8a404354ce94b5a54d4b3.png", "white_logo_url": "https://static.debank.com/image/chain/white_logo_url/oas/95888aa80c9eb4dbde714c69b3cc7425.png", "eip_1559": true, "is_disabled": false, "explorer_host": "https://scan.oasys.games", "need_estimate_gas": false, "severity": 2, "block_interval": 1.0}, {"id": "zora", "community_id": 7777777, "name": "Zora", "native_token": {"id": "zora", "symbol": "ETH", "logo": "https://static.debank.com/image/coin/logo_url/eth/6443cdccced33e204d90cb723c632917.png", "decimals": 18}, "logo_url": "https://static.debank.com/image/chain/logo_url/zora/de39f62c4489a2359d5e1198a8e02ef1.png", "white_logo_url": "https://static.debank.com/image/chain/white_logo_url/zora/25dfb04c552c35d3d8e30e5ba136b9e6.png", "eip_1559": true, "is_disabled": false, "explorer_host": "https://explorer.zora.energy", "need_estimate_gas": false, "severity": 1, "block_interval": 1.0}, {"id": "base", "community_id": 8453, "name": "Base", "native_token": {"id": "base", "symbol": "ETH", "logo": "https://static.debank.com/image/coin/logo_url/eth/6443cdccced33e204d90cb723c632917.png", "decimals": 18}, "logo_url": "https://static.debank.com/image/chain/logo_url/base/ccc1513e4f390542c4fb2f4b88ce9579.png", "white_logo_url": "https://static.debank.com/image/chain/white_logo_url/base/025de9d02848e257740c14bdd1f9330b.png", "eip_1559": true, "is_disabled": false, "explorer_host": "https://basescan.org", "need_estimate_gas": false, "severity": 0, "block_interval": 2.0}, {"id": "linea", "community_id": 59144, "name": "Linea", "native_token": {"id": "linea", "symbol": "ETH", "logo": "https://static.debank.com/image/coin/logo_url/eth/6443cdccced33e204d90cb723c632917.png", "decimals": 18}, "logo_url": "https://static.debank.com/image/chain/logo_url/linea/32d4ff2cf92c766ace975559c232179c.png", "white_logo_url": "https://static.debank.com/image/chain/white_logo_url/linea/adee1a93003ab543957692844fdaf9f2.png", "eip_1559": true, "is_disabled": false, "explorer_host": "https://lineascan.build", "need_estimate_gas": false, "severity": 0, "block_interval": 2.2}, {"id": "mnt", "community_id": 5000, "name": "Mantle", "native_token": {"id": "mnt", "symbol": "MNT", "logo": "https://static.debank.com/image/eth_token/logo_url/0x3c3a81e81dc49a522a592e7622a7e711c06bf354/a443c78c33704d48f06e5686bb87f85e.png", "decimals": 18}, "logo_url": "https://static.debank.com/image/chain/logo_url/mnt/0af11a52431d60ded59655c7ca7e1475.png", "white_logo_url": "https://static.debank.com/image/chain/white_logo_url/mnt/f642653f191f4fd59cbf9efefc4c007d.png", "eip_1559": true, "is_disabled": false, "explorer_host": "https://mantlescan.xyz", "need_estimate_gas": true, "severity": 1, "block_interval": 1.0}, {"id": "manta", "community_id": 169, "name": "Manta Pacific", "native_token": {"id": "manta", "symbol": "ETH", "logo": "https://static.debank.com/image/coin/logo_url/eth/6443cdccced33e204d90cb723c632917.png", "decimals": 18}, "logo_url": "https://static.debank.com/image/chain/logo_url/manta/0e25a60b96a29d6a5b9e524be7565845.png", "white_logo_url": "https://static.debank.com/image/chain/white_logo_url/manta/ead2552c140ffd5482e7222964bac558.png", "eip_1559": true, "is_disabled": false, "explorer_host": "https://pacific-explorer.manta.network", "need_estimate_gas": true, "severity": 1, "block_interval": 1.0}, {"id": "scrl", "community_id": 534352, "name": "Scroll", "native_token": {"id": "scrl", "symbol": "ETH", "logo": "https://static.debank.com/image/coin/logo_url/eth/6443cdccced33e204d90cb723c632917.png", "decimals": 18}, "logo_url": "https://static.debank.com/image/chain/logo_url/scrl/1fa5c7e0bfd353ed0a97c1476c9c42d2.png", "white_logo_url": "https://static.debank.com/image/chain/white_logo_url/scrl/dd0d05b6fba614d57b55f0724acd723c.png", "eip_1559": true, "is_disabled": false, "explorer_host": "https://scrollscan.com", "need_estimate_gas": false, "severity": 1, "block_interval": 1.0}, {"id": "opbnb", "community_id": 204, "name": "opBNB", "native_token": {"id": "opbnb", "symbol": "BNB", "logo": "https://static.debank.com/image/coin/logo_url/bnb/9784283a36f23a58982fc964574ea530.png", "decimals": 18}, "logo_url": "https://static.debank.com/image/chain/logo_url/opbnb/07e2e686e363a842d0982493638e1285.png", "white_logo_url": "https://static.debank.com/image/chain/white_logo_url/opbnb/8e44e643d6e2fd335a72b4cda6368e1a.png", "eip_1559": false, "is_disabled": false, "explorer_host": "https://mainnet.opbnbscan.com", "need_estimate_gas": false, "severity": 1, "block_interval": 1.0}, {"id": "shib", "community_id": 109, "name": "Shibarium", "native_token": {"id": "shib", "symbol": "BONE", "logo": "https://static.debank.com/image/shib_token/logo_url/shib/e49e9a98f5fb1fb04ad96bb536457df9.png", "decimals": 18}, "logo_url": "https://static.debank.com/image/chain/logo_url/shib/4ec79ed9ee4988dfdfc41e1634a447be.png", "white_logo_url": "https://static.debank.com/image/chain/white_logo_url/shib/574d888cbdce3a08ea8a5f636fc2ae3e.png", "eip_1559": true, "is_disabled": false, "explorer_host": "https://shibariumscan.io", "need_estimate_gas": false, "severity": 2, "block_interval": 1.0}, {"id": "mode", "community_id": 34443, "name": "Mode", "native_token": {"id": "mode", "symbol": "ETH", "logo": "https://static.debank.com/image/coin/logo_url/eth/6443cdccced33e204d90cb723c632917.png", "decimals": 18}, "logo_url": "https://static.debank.com/image/chain/logo_url/mode/466e6e12f4fd827f8f497cceb0601a5e.png", "white_logo_url": "https://static.debank.com/image/chain/white_logo_url/mode/f7033404c6d09fafcbe53cbf806a585f.png", "eip_1559": true, "is_disabled": false, "explorer_host": "https://explorer.mode.network", "need_estimate_gas": false, "severity": 1, "block_interval": 1.0}, {"id": "zeta", "community_id": 7000, "name": "ZetaChain", "native_token": {"id": "zeta", "symbol": "ZETA", "logo": "https://static.debank.com/image/zeta_token/logo_url/zeta/d0e1b5e519d99c452a30e83a1263d1d0.png", "decimals": 18}, "logo_url": "https://static.debank.com/image/chain/logo_url/zeta/d0e1b5e519d99c452a30e83a1263d1d0.png", "white_logo_url": "https://static.debank.com/image/chain/white_logo_url/zeta/fb4ab4eb798244887bfd65455bd42d6b.png", "eip_1559": true, "is_disabled": false, "explorer_host": "https://zetachain.blockscout.com", "need_estimate_gas": false, "severity": 1, "block_interval": 3.97}, {"id": "rari", "community_id": 1380012617, "name": "RARI", "native_token": {"id": "rari", "symbol": "ETH", "logo": "https://static.debank.com/image/coin/logo_url/eth/6443cdccced33e204d90cb723c632917.png", "decimals": 18}, "logo_url": "https://static.debank.com/image/chain/logo_url/rari/67fc6abba5cfc6bb3a57bb6afcf5afee.png", "white_logo_url": "https://static.debank.com/image/chain/white_logo_url/rari/73456a9386ce19d00584fec493206005.png", "eip_1559": true, "is_disabled": false, "explorer_host": "https://mainnet.explorer.rarichain.org", "need_estimate_gas": false, "severity": 2, "block_interval": 1.0}, {"id": "merlin", "community_id": 4200, "name": "Merlin", "native_token": {"id": "merlin", "symbol": "BTC", "logo": "https://static.debank.com/image/merlin_token/logo_url/merlin/fe230e468272b84aba78d08bb4140456.png", "decimals": 18}, "logo_url": "https://static.debank.com/image/chain/logo_url/merlin/458e4686dfb909ba871bd96fe45417a8.png", "white_logo_url": "https://static.debank.com/image/chain/white_logo_url/merlin/72e28432e865c544c1045017892187bc.png", "eip_1559": false, "is_disabled": false, "explorer_host": "https://scan.merlinchain.io", "need_estimate_gas": false, "severity": 2, "block_interval": 3.9}, {"id": "blast", "community_id": 81457, "name": "Blast", "native_token": {"id": "blast", "symbol": "ETH", "logo": "https://static.debank.com/image/coin/logo_url/eth/6443cdccced33e204d90cb723c632917.png", "decimals": 18}, "logo_url": "https://static.debank.com/image/chain/logo_url/blast/15132294afd38ce980639a381ee30149.png", "white_logo_url": "https://static.debank.com/image/chain/white_logo_url/blast/828eb570083948e156a34ab8588e26b3.png", "eip_1559": true, "is_disabled": false, "explorer_host": "https://blastscan.io", "need_estimate_gas": false, "severity": 1, "block_interval": 1.0}, {"id": "karak", "community_id": 2410, "name": "Karak", "native_token": {"id": "karak", "symbol": "ETH", "logo": "https://static.debank.com/image/coin/logo_url/eth/6443cdccced33e204d90cb723c632917.png", "decimals": 18}, "logo_url": "https://static.debank.com/image/chain/logo_url/karak/a9e47f00f6eeb2c9cc8f9551cff5fe68.png", "white_logo_url": "https://static.debank.com/image/chain/white_logo_url/karak/5d5ca3507b4a1d64a85406f7382412d7.png", "eip_1559": true, "is_disabled": false, "explorer_host": "https://explorer.karak.network", "need_estimate_gas": false, "severity": 2, "block_interval": 1.0}, {"id": "frax", "community_id": 252, "name": "Fraxtal", "native_token": {"id": "frax", "symbol": "FRAX", "logo": "https://static.debank.com/image/coin/logo_url/frax/c9fc14504dda4d18f661628d56f73606.png", "decimals": 18}, "logo_url": "https://static.debank.com/image/chain/logo_url/frax/2e210d888690ad0c424355cc8471d48d.png", "white_logo_url": "https://static.debank.com/image/chain/white_logo_url/frax/7ae2bc54b406cd3c378b0bd28df2b3ff.png", "eip_1559": true, "is_disabled": false, "explorer_host": "https://fraxscan.com", "need_estimate_gas": false, "severity": 2, "block_interval": 1.0}, {"id": "xlayer", "community_id": 196, "name": "X Layer", "native_token": {"id": "xlayer", "symbol": "OKB", "logo": "https://static.debank.com/image/xlayer_token/logo_url/xlayer/02e2fec5f8b2f5783ceb38d683557de3.png", "decimals": 18}, "logo_url": "https://static.debank.com/image/chain/logo_url/xlayer/282a62903a4c74a964b704a161d1ba39.png", "white_logo_url": "https://static.debank.com/image/chain/white_logo_url/xlayer/bb5d85b54ec4634bd8b6703b27e254ba.png", "eip_1559": false, "is_disabled": false, "explorer_host": "https://www.oklink.com/xlayer", "need_estimate_gas": false, "severity": 1, "block_interval": 1.0}, {"id": "itze", "community_id": 13371, "name": "Immutable zkEVM", "native_token": {"id": "itze", "symbol": "IMX", "logo": "https://static.debank.com/image/itze_token/logo_url/itze/7a875818146ec0508d3e5f5b14f1b4eb.png", "decimals": 18}, "logo_url": "https://static.debank.com/image/chain/logo_url/itze/ce3a511dc511053b1b35bb48166a5d39.png", "white_logo_url": "https://static.debank.com/image/chain/white_logo_url/itze/b6e7827808bbab397b73d6db107b2071.png", "eip_1559": true, "is_disabled": false, "explorer_host": "https://explorer.immutable.com", "need_estimate_gas": false, "severity": 2, "block_interval": 2.0}, {"id": "btr", "community_id": 200901, "name": "Bitlayer", "native_token": {"id": "btr", "symbol": "BTC", "logo": "https://static.debank.com/image/btr_token/logo_url/btr/fe230e468272b84aba78d08bb4140456.png", "decimals": 18}, "logo_url": "https://static.debank.com/image/chain/logo_url/btr/78ff16cf14dad73c168a70f7c971e401.png", "white_logo_url": "https://static.debank.com/image/chain/white_logo_url/btr/33a233f67cb62320dd49c7a3a05c1d4b.png", "eip_1559": true, "is_disabled": false, "explorer_host": "https://www.btrscan.com", "need_estimate_gas": false, "severity": 2, "block_interval": 1.0}, {"id": "b2", "community_id": 223, "name": "B\u00b2", "native_token": {"id": "b2", "symbol": "BTC", "logo": "https://static.debank.com/image/b2_token/logo_url/b2/fe230e468272b84aba78d08bb4140456.png", "decimals": 18}, "logo_url": "https://static.debank.com/image/chain/logo_url/b2/6ca6c8bc33af59c5b9273a2b7efbd236.png", "white_logo_url": "https://static.debank.com/image/chain/white_logo_url/b2/3df748afc47cc1c76107981bc312a190.png", "eip_1559": true, "is_disabled": false, "explorer_host": "https://explorer.bsquared.network", "need_estimate_gas": false, "severity": 2, "block_interval": 1.0}, {"id": "bob", "community_id": 60808, "name": "BOB", "native_token": {"id": "bob", "symbol": "ETH", "logo": "https://static.debank.com/image/coin/logo_url/eth/6443cdccced33e204d90cb723c632917.png", "decimals": 18}, "logo_url": "https://static.debank.com/image/chain/logo_url/bob/4e0029be99877775664327213a8da60e.png", "white_logo_url": "https://static.debank.com/image/chain/white_logo_url/bob/7f61e1ed6fae04833ee21d83c9998d22.png", "eip_1559": true, "is_disabled": false, "explorer_host": "https://explorer.gobob.xyz", "need_estimate_gas": false, "severity": 1, "block_interval": 1.0}, {"id": "reya", "community_id": 1729, "name": "Reya", "native_token": {"id": "reya", "symbol": "ETH", "logo": "https://static.debank.com/image/coin/logo_url/eth/6443cdccced33e204d90cb723c632917.png", "decimals": 18}, "logo_url": "https://static.debank.com/image/chain/logo_url/reya/20d71aad4279c33229297da1f00d8ae1.png", "white_logo_url": "https://static.debank.com/image/chain/white_logo_url/reya/7643e04c35af62a7572aecbdc4565040.png", "eip_1559": true, "is_disabled": false, "explorer_host": "https://explorer.reya.network", "need_estimate_gas": true, "severity": 2, "block_interval": 1.0}, {"id": "bb", "community_id": 6001, "name": "BounceBit", "native_token": {"id": "bb", "symbol": "BB", "logo": "https://static.debank.com/image/bb_token/logo_url/bb/da74a4980f24d870cb43ccd763e0c966.png", "decimals": 18}, "logo_url": "https://static.debank.com/image/chain/logo_url/bb/da74a4980f24d870cb43ccd763e0c966.png", "white_logo_url": "https://static.debank.com/image/chain/white_logo_url/bb/31ba7b64206471376f34f2b4c5c097f8.png", "eip_1559": true, "is_disabled": false, "explorer_host": "https://bbscan.io", "need_estimate_gas": false, "severity": 2, "block_interval": 3.6}, {"id": "taiko", "community_id": 167000, "name": "Taiko", "native_token": {"id": "taiko", "symbol": "ETH", "logo": "https://static.debank.com/image/coin/logo_url/eth/6443cdccced33e204d90cb723c632917.png", "decimals": 18}, "logo_url": "https://static.debank.com/image/chain/logo_url/taiko/7723fbdb38ef181cd07a8b8691671e6b.png", "white_logo_url": "https://static.debank.com/image/chain/white_logo_url/taiko/16d831636a2aa32e5b58f264a61311e0.png", "eip_1559": true, "is_disabled": false, "explorer_host": "https://taikoscan.io", "need_estimate_gas": false, "severity": 0, "block_interval": 1.0}, {"id": "cyber", "community_id": 7560, "name": "Cyber", "native_token": {"id": "cyber", "symbol": "ETH", "logo": "https://static.debank.com/image/coin/logo_url/eth/6443cdccced33e204d90cb723c632917.png", "decimals": 18}, "logo_url": "https://static.debank.com/image/chain/logo_url/cyber/3a3c0c5da5fa8876c8c338afae0db478.png", "white_logo_url": "https://static.debank.com/image/chain/white_logo_url/cyber/239566559dc0c5fd5f5e2d76b85c6490.png", "eip_1559": true, "is_disabled": false, "explorer_host": "https://cyberscan.co", "need_estimate_gas": false, "severity": 2, "block_interval": 1.0}, {"id": "sei", "community_id": 1329, "name": "Sei", "native_token": {"id": "sei", "symbol": "SEI", "logo": "https://static.debank.com/image/sei_token/logo_url/sei/34ddf58f678be2db5b2636b59c9828b5.png", "decimals": 18}, "logo_url": "https://static.debank.com/image/chain/logo_url/sei/34ddf58f678be2db5b2636b59c9828b5.png", "white_logo_url": "https://static.debank.com/image/chain/white_logo_url/sei/632af17fefaa435817bd6bc3c549280d.png", "eip_1559": false, "is_disabled": false, "explorer_host": "https://seitrace.com", "need_estimate_gas": false, "severity": 1, "block_interval": 0.49}, {"id": "mint", "community_id": 185, "name": "Mint", "native_token": {"id": "mint", "symbol": "ETH", "logo": "https://static.debank.com/image/mint_token/logo_url/mint/48bfb74adddd170e936578aec422836d.png", "decimals": 18}, "logo_url": "https://static.debank.com/image/chain/logo_url/mint/86404f93cd4e51eafcc2e244d417c03f.png", "white_logo_url": "https://static.debank.com/image/chain/white_logo_url/mint/1bc50cbf5ec022d40efe48c4ec68c25d.png", "eip_1559": true, "is_disabled": false, "explorer_host": "https://mintscan.org", "need_estimate_gas": false, "severity": 2, "block_interval": 1.0}, {"id": "chiliz", "community_id": 88888, "name": "Chiliz", "native_token": {"id": "chiliz", "symbol": "CHZ", "logo": "https://static.debank.com/image/chiliz_token/logo_url/chiliz/548bc261b49eabea7227832374e1fcb0.png", "decimals": 18}, "logo_url": "https://static.debank.com/image/chain/logo_url/chiliz/548bc261b49eabea7227832374e1fcb0.png", "white_logo_url": "https://static.debank.com/image/chain/white_logo_url/chiliz/48a3f9ae39cc1c78eb5ad7c41a7c4f79.png", "eip_1559": true, "is_disabled": false, "explorer_host": "https://chiliscan.com", "need_estimate_gas": false, "severity": 2, "block_interval": 1.0}, {"id": "dbk", "community_id": 20240603, "name": "DBK Chain", "native_token": {"id": "dbk", "symbol": "ETH", "logo": "https://static.debank.com/image/dbk_token/logo_url/dbk/48bfb74adddd170e936578aec422836d.png", "decimals": 18}, "logo_url": "https://static.debank.com/image/chain/logo_url/dbk/1255de5a9316fed901d14c069ac62f39.png", "white_logo_url": "https://static.debank.com/image/chain/white_logo_url/dbk/f3b17c6a54b98b86a158061706277f06.png", "eip_1559": true, "is_disabled": false, "explorer_host": "https://scan.dbkchain.io", "need_estimate_gas": false, "severity": 1, "block_interval": 2.0}, {"id": "croze", "community_id": 388, "name": "Cronos zkEVM", "native_token": {"id": "croze", "symbol": "zkCRO", "logo": "https://static.debank.com/image/croze_token/logo_url/croze/e9572bb5f00a04dd2e828dae75456abe.png", "decimals": 18}, "logo_url": "https://static.debank.com/image/chain/logo_url/croze/e9572bb5f00a04dd2e828dae75456abe.png", "white_logo_url": "https://static.debank.com/image/chain/white_logo_url/croze/0cd7713510320f906a8c55421e0474fe.png", "eip_1559": true, "is_disabled": false, "explorer_host": "https://explorer.zkevm.cronos.org", "need_estimate_gas": true, "severity": 2, "block_interval": 1.0}, {"id": "gravity", "community_id": 1625, "name": "Gravity", "native_token": {"id": "gravity", "symbol": "G", "logo": "https://static.debank.com/image/gravity_token/logo_url/gravity/fa9a1d29f671b85a653f293893fa27e3.png", "decimals": 18}, "logo_url": "https://static.debank.com/image/chain/logo_url/gravity/fa9a1d29f671b85a653f293893fa27e3.png", "white_logo_url": "https://static.debank.com/image/chain/white_logo_url/gravity/3199386503fe33125ebd841f42562452.png", "eip_1559": true, "is_disabled": false, "explorer_host": "https://explorer.gravity.xyz", "need_estimate_gas": false, "severity": 0, "block_interval": 1.0}, {"id": "lisk", "community_id": 1135, "name": "Lisk", "native_token": {"id": "lisk", "symbol": "ETH", "logo": "https://static.debank.com/image/lisk_token/logo_url/lisk/48bfb74adddd170e936578aec422836d.png", "decimals": 18}, "logo_url": "https://static.debank.com/image/chain/logo_url/lisk/4d4970237c52104a22e93993de3dcdd8.png", "white_logo_url": "https://static.debank.com/image/chain/white_logo_url/lisk/492c4705b0b77c4e0277d87c3f213d04.png", "eip_1559": true, "is_disabled": false, "explorer_host": "https://blockscout.lisk.com", "need_estimate_gas": false, "severity": 1, "block_interval": 1.0}, {"id": "orderly", "community_id": 291, "name": "Orderly", "native_token": {"id": "orderly", "symbol": "ETH", "logo": "https://static.debank.com/image/orderly_token/logo_url/orderly/48bfb74adddd170e936578aec422836d.png", "decimals": 18}, "logo_url": "https://static.debank.com/image/chain/logo_url/orderly/aedf85948240dddcf334205794d2a6c9.png", "white_logo_url": "https://static.debank.com/image/chain/white_logo_url/orderly/ecc7f748276e001bc14c9233e2342426.png", "eip_1559": true, "is_disabled": false, "explorer_host": "https://explorer.orderly.network", "need_estimate_gas": false, "severity": 2, "block_interval": 1.0}, {"id": "ape", "community_id": 33139, "name": "ApeChain", "native_token": {"id": "ape", "symbol": "APE", "logo": "https://static.debank.com/image/ape_token/logo_url/ape/2357165eac1453c46f526704b51a801b.png", "decimals": 18}, "logo_url": "https://static.debank.com/image/chain/logo_url/ape/290d3884861ae5e09394c913f788168d.png", "white_logo_url": "https://static.debank.com/image/chain/white_logo_url/ape/2e390ca2ec4052728f7e7772a21f2591.png", "eip_1559": true, "is_disabled": false, "explorer_host": "https://apescan.io", "need_estimate_gas": true, "severity": 2, "block_interval": 1.0}, {"id": "ethlink", "community_id": 42793, "name": "Etherlink", "native_token": {"id": "ethlink", "symbol": "XTZ", "logo": "https://static.debank.com/image/ethlink_token/logo_url/ethlink/3c05ffa463a65dd21c2dba081e969d44.png", "decimals": 18}, "logo_url": "https://static.debank.com/image/chain/logo_url/ethlink/76f6335793b594863f41df992dc53d22.png", "white_logo_url": "https://static.debank.com/image/chain/white_logo_url/ethlink/e909351e42bae619265a39671a18e698.png", "eip_1559": true, "is_disabled": false, "explorer_host": "https://explorer.etherlink.com", "need_estimate_gas": true, "severity": 2, "block_interval": 1.0}, {"id": "zircuit", "community_id": 48900, "name": "Zircuit", "native_token": {"id": "zircuit", "symbol": "ETH", "logo": "https://static.debank.com/image/zircuit_token/logo_url/zircuit/48bfb74adddd170e936578aec422836d.png", "decimals": 18}, "logo_url": "https://static.debank.com/image/chain/logo_url/zircuit/0571a12255432950da5112437058fa5b.png", "white_logo_url": "https://static.debank.com/image/chain/white_logo_url/zircuit/9249ce9ad3bc83058bdffd2bec69fd3a.png", "eip_1559": true, "is_disabled": false, "explorer_host": "https://explorer.zircuit.com", "need_estimate_gas": false, "severity": 2, "block_interval": 2.0}, {"id": "world", "community_id": 480, "name": "World Chain", "native_token": {"id": "world", "symbol": "ETH", "logo": "https://static.debank.com/image/world_token/logo_url/world/48bfb74adddd170e936578aec422836d.png", "decimals": 18}, "logo_url": "https://static.debank.com/image/chain/logo_url/world/3e8c6af046f442cf453ce79a12433e2f.png", "white_logo_url": "https://static.debank.com/image/chain/white_logo_url/world/dfccb8b06d95ecbc30c2b88c3261ae9c.png", "eip_1559": true, "is_disabled": false, "explorer_host": "https://worldscan.org", "need_estimate_gas": false, "severity": 1, "block_interval": 1.0}, {"id": "morph", "community_id": 2818, "name": "Morph", "native_token": {"id": "morph", "symbol": "ETH", "logo": "https://static.debank.com/image/morph_token/logo_url/morph/48bfb74adddd170e936578aec422836d.png", "decimals": 18}, "logo_url": "https://static.debank.com/image/chain/logo_url/morph/2b5255a6c3a36d4b39e1dea02aa2f097.png", "white_logo_url": "https://static.debank.com/image/chain/white_logo_url/morph/f0bbba51d75fca1797c9c90654a71632.png", "eip_1559": true, "is_disabled": false, "explorer_host": "https://explorer.morphl2.io", "need_estimate_gas": false, "severity": 2, "block_interval": 1.0}, {"id": "swell", "community_id": 1923, "name": "SwellChain", "native_token": {"id": "swell", "symbol": "ETH", "logo": "https://static.debank.com/image/swell_token/logo_url/swell/48bfb74adddd170e936578aec422836d.png", "decimals": 18}, "logo_url": "https://static.debank.com/image/chain/logo_url/swell/3e98b1f206af5f2c0c2cc4d271ee1070.png", "white_logo_url": "https://static.debank.com/image/chain/white_logo_url/swell/630df2f6a1c5933209268437873a4ffe.png", "eip_1559": true, "is_disabled": false, "explorer_host": "https://explorer.swellnetwork.io", "need_estimate_gas": false, "severity": 2, "block_interval": 1.0}, {"id": "zero", "community_id": 543210, "name": "ZER\u03f4", "native_token": {"id": "zero", "symbol": "ETH", "logo": "https://static.debank.com/image/zero_token/logo_url/zero/48bfb74adddd170e936578aec422836d.png", "decimals": 18}, "logo_url": "https://static.debank.com/image/chain/logo_url/zero/d9551d98b98482204b93544f90b43985.png", "white_logo_url": "https://static.debank.com/image/chain/white_logo_url/zero/bba7ede18928b06c8986bfcc7415de9a.png", "eip_1559": true, "is_disabled": false, "explorer_host": "https://zero-network.calderaexplorer.xyz", "need_estimate_gas": true, "severity": 2, "block_interval": 1.0}, {"id": "sonic", "community_id": 146, "name": "Sonic", "native_token": {"id": "sonic", "symbol": "S", "logo": "https://static.debank.com/image/sonic_token/logo_url/sonic/17d88e82ee2f7243922c0f2d3de580ce.png", "decimals": 18}, "logo_url": "https://static.debank.com/image/chain/logo_url/sonic/8ba4d8395618ec1329ea7142b0fde642.png", "white_logo_url": "https://static.debank.com/image/chain/white_logo_url/sonic/4df25e2d582b0922a91d633e666f7819.png", "eip_1559": true, "is_disabled": false, "explorer_host": "https://sonicscan.org", "need_estimate_gas": false, "severity": 0, "block_interval": 1.0}, {"id": "corn", "community_id": 21000000, "name": "Corn", "native_token": {"id": "corn", "symbol": "BTCN", "logo": "https://static.debank.com/image/corn_token/logo_url/corn/fe230e468272b84aba78d08bb4140456.png", "decimals": 18}, "logo_url": "https://static.debank.com/image/chain/logo_url/corn/2ac7405fee5fdeee5964ba0bcf2216f4.png", "white_logo_url": "https://static.debank.com/image/chain/white_logo_url/corn/a4e8a975e17b574786f9ac51bf9ba87a.png", "eip_1559": true, "is_disabled": false, "explorer_host": "https://cornscan.io", "need_estimate_gas": false, "severity": 2, "block_interval": 1.0}, {"id": "hsk", "community_id": 177, "name": "HashKey", "native_token": {"id": "hsk", "symbol": "HSK", "logo": "https://static.debank.com/image/hsk_token/logo_url/hsk/40e9b6f97343db46f97392a552f6d9b8.png", "decimals": 18}, "logo_url": "https://static.debank.com/image/chain/logo_url/hsk/3f35eb1691403fe4eae7a1d1c45b704c.png", "white_logo_url": "https://static.debank.com/image/chain/white_logo_url/hsk/9f65d77bebc45001227ab49e91253a79.png", "eip_1559": true, "is_disabled": false, "explorer_host": "https://explorer.hsk.xyz", "need_estimate_gas": false, "severity": 2, "block_interval": 1.0}, {"id": "ink", "community_id": 57073, "name": "Ink", "native_token": {"id": "ink", "symbol": "ETH", "logo": "https://static.debank.com/image/ink_token/logo_url/ink/48bfb74adddd170e936578aec422836d.png", "decimals": 18}, "logo_url": "https://static.debank.com/image/chain/logo_url/ink/af5b553a5675342e28bdb794328e8727.png", "white_logo_url": "https://static.debank.com/image/chain/white_logo_url/ink/e0bb13be095ecf667e631ee9b3fb4743.png", "eip_1559": true, "is_disabled": false, "explorer_host": "https://explorer.inkonchain.com", "need_estimate_gas": false, "severity": 1, "block_interval": 1.0}, {"id": "vana", "community_id": 1480, "name": "Vana", "native_token": {"id": "vana", "symbol": "VANA", "logo": "https://static.debank.com/image/vana_token/logo_url/vana/4e286c230ccb1e83967dc85edefbc513.png", "decimals": 18}, "logo_url": "https://static.debank.com/image/chain/logo_url/vana/b2827795c1556eeeaeb58cb3411d0b15.png", "white_logo_url": "https://static.debank.com/image/chain/white_logo_url/vana/86f5ec38b5d764c49855cd086eb7ca01.png", "eip_1559": true, "is_disabled": false, "explorer_host": "https://vanascan.io", "need_estimate_gas": false, "severity": 2, "block_interval": 1.0}, {"id": "sophon", "community_id": 50104, "name": "Sophon", "native_token": {"id": "sophon", "symbol": "SOPH", "logo": "https://static.debank.com/image/sophon_token/logo_url/sophon/b81ad042ee3060050e01af4ce4ff9217.png", "decimals": 18}, "logo_url": "https://static.debank.com/image/chain/logo_url/sophon/edc0479e5fc884b240959449ef44a386.png", "white_logo_url": "https://static.debank.com/image/chain/white_logo_url/sophon/a14020d6bff4832660dd3df13f4398b6.png", "eip_1559": true, "is_disabled": false, "explorer_host": "https://sophscan.xyz", "need_estimate_gas": true, "severity": 2, "block_interval": 1.0}, {"id": "duck", "community_id": 5545, "name": "DuckChain", "native_token": {"id": "duck", "symbol": "TON", "logo": "https://static.debank.com/image/duck_token/logo_url/duck/a041e6cb0f419657457b23ceb89e849a.png", "decimals": 18}, "logo_url": "https://static.debank.com/image/chain/logo_url/duck/b0b13c10586f03bcfc12358c48a22c95.png", "white_logo_url": "https://static.debank.com/image/chain/white_logo_url/duck/054c478f68f458c5f523bd45a815d394.png", "eip_1559": true, "is_disabled": false, "explorer_host": "https://scan.duckchain.io", "need_estimate_gas": false, "severity": 2, "block_interval": 2.37}, {"id": "abs", "community_id": 2741, "name": "Abstract", "native_token": {"id": "abs", "symbol": "ETH", "logo": "https://static.debank.com/image/abs_token/logo_url/abs/48bfb74adddd170e936578aec422836d.png", "decimals": 18}, "logo_url": "https://static.debank.com/image/chain/logo_url/abs/c59200aadc06c79d7c061cfedca85c38.png", "white_logo_url": "https://static.debank.com/image/chain/white_logo_url/abs/7a1ee8ff339decb2c2de8260db929d10.png", "eip_1559": true, "is_disabled": false, "explorer_host": "https://abscan.org", "need_estimate_gas": true, "severity": 1, "block_interval": 1.0}, {"id": "soneium", "community_id": 1868, "name": "Soneium", "native_token": {"id": "soneium", "symbol": "ETH", "logo": "https://static.debank.com/image/soneium_token/logo_url/soneium/48bfb74adddd170e936578aec422836d.png", "decimals": 18}, "logo_url": "https://static.debank.com/image/chain/logo_url/soneium/35014ebaa414b336a105ff2115ba2116.png", "white_logo_url": "https://static.debank.com/image/chain/white_logo_url/soneium/274e9c0e0556afbf0268535f4b6f83ac.png", "eip_1559": true, "is_disabled": false, "explorer_host": "https://soneium.blockscout.com", "need_estimate_gas": false, "severity": 1, "block_interval": 1.0}, {"id": "bera", "community_id": 80094, "name": "Berachain", "native_token": {"id": "bera", "symbol": "BERA", "logo": "https://static.debank.com/image/bera_token/logo_url/bera/89db55160bb8bbb19464cabf17e465bc.png", "decimals": 18}, "logo_url": "https://static.debank.com/image/chain/logo_url/bera/89db55160bb8bbb19464cabf17e465bc.png", "white_logo_url": "https://static.debank.com/image/chain/white_logo_url/bera/719c22be74d06397be17a028caf8d873.png", "eip_1559": true, "is_disabled": false, "explorer_host": "https://berascan.com", "need_estimate_gas": false, "severity": 0, "block_interval": 2.0}, {"id": "uni", "community_id": 130, "name": "Unichain", "native_token": {"id": "uni", "symbol": "ETH", "logo": "https://static.debank.com/image/uni_token/logo_url/uni/48bfb74adddd170e936578aec422836d.png", "decimals": 18}, "logo_url": "https://static.debank.com/image/chain/logo_url/uni/7e9011cb7bd0d19deb7727280aa5c8b1.png", "white_logo_url": "https://static.debank.com/image/chain/white_logo_url/uni/2a9b07539e6e021a2227ed3366ca49ef.png", "eip_1559": true, "is_disabled": false, "explorer_host": "https://uniscan.xyz", "need_estimate_gas": false, "severity": 0, "block_interval": 1.0}, {"id": "story", "community_id": 1514, "name": "Story", "native_token": {"id": "story", "symbol": "IP", "logo": "https://static.debank.com/image/story_token/logo_url/story/13274216322fec134ab08594d5afb457.png", "decimals": 18}, "logo_url": "https://static.debank.com/image/chain/logo_url/story/d2311c0952f9801e0d42e3b87b4bd755.png", "white_logo_url": "https://static.debank.com/image/chain/white_logo_url/story/ea3699b98a9d331e0545b8358229b7ef.png", "eip_1559": true, "is_disabled": false, "explorer_host": "https://www.storyscan.xyz", "need_estimate_gas": false, "severity": 2, "block_interval": 1.0}, {"id": "lens", "community_id": 232, "name": "Lens", "native_token": {"id": "lens", "symbol": "GHO", "logo": "https://static.debank.com/image/lens_token/logo_url/lens/1fd570eeab44b1c7afad2e55b5545c42.png", "decimals": 18}, "logo_url": "https://static.debank.com/image/chain/logo_url/lens/d41e14ba300d526518fb8ad20714685b.png", "white_logo_url": "https://static.debank.com/image/chain/white_logo_url/lens/57f2d61cc18b6ed64df58b42bdb0a123.png", "eip_1559": true, "is_disabled": false, "explorer_host": "https://explorer.lens.xyz", "need_estimate_gas": false, "severity": 2, "block_interval": 6.8}, {"id": "hyper", "community_id": 999, "name": "HyperEVM", "native_token": {"id": "hyper", "symbol": "HYPE", "logo": "https://static.debank.com/image/hyper_token/logo_url/hyper/0b3e288cfe418e9ce69eef4c96374583.png", "decimals": 18}, "logo_url": "https://static.debank.com/image/chain/logo_url/hyper/0b3e288cfe418e9ce69eef4c96374583.png", "white_logo_url": "https://static.debank.com/image/chain/white_logo_url/hyper/3584b246dce2a56b696eec09824191e9.png", "eip_1559": true, "is_disabled": false, "explorer_host": "https://hyperevmscan.io", "need_estimate_gas": false, "severity": 0, "block_interval": 0.98}, {"id": "hemi", "community_id": 43111, "name": "Hemi", "native_token": {"id": "hemi", "symbol": "ETH", "logo": "https://static.debank.com/image/hemi_token/logo_url/hemi/48bfb74adddd170e936578aec422836d.png", "decimals": 18}, "logo_url": "https://static.debank.com/image/chain/logo_url/hemi/db2e74d52c77b941d01f9beae0767ab6.png", "white_logo_url": "https://static.debank.com/image/chain/white_logo_url/hemi/b4be19ebeb70986fd4fc8ce291380a06.png", "eip_1559": true, "is_disabled": false, "explorer_host": "https://explorer.hemi.xyz", "need_estimate_gas": false, "severity": 1, "block_interval": 1.0}, {"id": "plume", "community_id": 98866, "name": "Plume", "native_token": {"id": "plume", "symbol": "PLUME", "logo": "https://static.debank.com/image/plume_token/logo_url/plume/20ecb01558edaac59ad4cd20b9ccc51d.png", "decimals": 18}, "logo_url": "https://static.debank.com/image/chain/logo_url/plume/f74d0d202dd8af7baf6940864ee79006.png", "white_logo_url": "https://static.debank.com/image/chain/white_logo_url/plume/4fe2a83f0533b5e83fa6b090971a624a.png", "eip_1559": true, "is_disabled": false, "explorer_host": "https://explorer.plume.org", "need_estimate_gas": true, "severity": 1, "block_interval": 1.0}, {"id": "katana", "community_id": 747474, "name": "Katana", "native_token": {"id": "katana", "symbol": "ETH", "logo": "https://static.debank.com/image/katana_token/logo_url/katana/48bfb74adddd170e936578aec422836d.png", "decimals": 18}, "logo_url": "https://static.debank.com/image/chain/logo_url/katana/0202d6aecd963a9c0b2afb56c4d731b5.png", "white_logo_url": "https://static.debank.com/image/chain/white_logo_url/katana/7b9c62314be807a5a5c60fbc9b9e2fbf.png", "eip_1559": true, "is_disabled": false, "explorer_host": "https://katanascan.com", "need_estimate_gas": false, "severity": 1, "block_interval": 1.0}, {"id": "xrpl", "community_id": 1440000, "name": "XRPL EVM", "native_token": {"id": "xrpl", "symbol": "XRP", "logo": "https://static.debank.com/image/xrpl_token/logo_url/xrpl/247c7c042eb1c707fe016a18163a0b79.png", "decimals": 18}, "logo_url": "https://static.debank.com/image/chain/logo_url/xrpl/131298e77672be4a16611a103fa39366.png", "white_logo_url": "https://static.debank.com/image/chain/white_logo_url/xrpl/6b10cbf7b85b3975b8faebfa3a1989c9.png", "eip_1559": true, "is_disabled": false, "explorer_host": "https://explorer.xrplevm.org", "need_estimate_gas": false, "severity": 1, "block_interval": 1.0}, {"id": "goat", "community_id": 2345, "name": "GOAT", "native_token": {"id": "goat", "symbol": "BTC", "logo": "https://static.debank.com/image/goat_token/logo_url/goat/bf2e6d2050524a6d8f9bf621222e4d8e.png", "decimals": 18}, "logo_url": "https://static.debank.com/image/chain/logo_url/goat/b324eea675692ec1c99a83e415386ed0.png", "white_logo_url": "https://static.debank.com/image/chain/white_logo_url/goat/f1049e8784a8643be820417f4f4c7654.png", "eip_1559": true, "is_disabled": false, "explorer_host": "https://explorer.goat.network", "need_estimate_gas": false, "severity": 2, "block_interval": 1.0}, {"id": "plasma", "community_id": 9745, "name": "Plasma", "native_token": {"id": "plasma", "symbol": "XPL", "logo": "https://static.debank.com/image/plasma_token/logo_url/plasma/baafefce3b9d43b12b0c016f30aff140.png", "decimals": 18}, "logo_url": "https://static.debank.com/image/chain/logo_url/plasma/baafefce3b9d43b12b0c016f30aff140.png", "white_logo_url": "https://static.debank.com/image/chain/white_logo_url/plasma/ababa793ba3e472641d628b046223ae0.png", "eip_1559": true, "is_disabled": false, "explorer_host": "https://plasmascan.to", "need_estimate_gas": false, "severity": 1, "block_interval": 1.0}, {"id": "tac", "community_id": 239, "name": "TAC", "native_token": {"id": "tac", "symbol": "TAC", "logo": "https://static.debank.com/image/tac_token/logo_url/tac/4b57fdb89de90a15f366cdf4bdc92665.png", "decimals": 18}, "logo_url": "https://static.debank.com/image/chain/logo_url/tac/4b57fdb89de90a15f366cdf4bdc92665.png", "white_logo_url": "https://static.debank.com/image/chain/white_logo_url/tac/943321d39fc15b20bbd5561fa894a09f.png", "eip_1559": true, "is_disabled": false, "explorer_host": "https://explorer.tac.build", "need_estimate_gas": false, "severity": 2, "block_interval": 1.0}, {"id": "mito", "community_id": 124816, "name": "Mitosis", "native_token": {"id": "mito", "symbol": "MITO", "logo": "https://static.debank.com/image/mito_token/logo_url/mito/d18958f17a84f20257ed89eff5ce6ff7.png", "decimals": 18}, "logo_url": "https://static.debank.com/image/chain/logo_url/mito/d18958f17a84f20257ed89eff5ce6ff7.png", "white_logo_url": "https://static.debank.com/image/chain/white_logo_url/mito/2b502d8118298f62232b15acf1aac712.png", "eip_1559": true, "is_disabled": false, "explorer_host": "https://mitoscan.io", "need_estimate_gas": false, "severity": 2, "block_interval": 1.0}]